study_hours,attendance,previous_score,final_score
6.8,56.1,55.1,49.9
7.1,95.1,44.8,61.9
4.8,56.3,52.0,44.2
2.8,84.2,70.0,57.4
3.0,81.5,84.5,68.2
7.3,70.3,48.6,51.7
9.6,70.1,45.1,58.2
6.4,91.3,80.1,72.4
5.8,98.8,60.8,57.3
6.6,93.8,71.8,64.9
7.3,57.1,52.5,48.8
3.1,59.5,55.3,45.8
6.7,71.4,60.4,56.2
9.4,84.2,73.5,71.0
2.5,87.8,49.0,43.1
6.8,80.1,77.7,71.5
8.6,89.9,52.6,63.5
3.4,64.5,91.9,61.7
8.9,69.2,76.0,59.2
5.1,66.9,53.6,53.2
6.1,66.8,72.2,60.5
3.0,99.9,68.0,59.9
1.8,57.1,46.0,34.5
4.8,57.9,61.0,45.2
10.0,78.8,93.4,76.3
7.5,85.7,69.5,64.4
3.4,83.8,46.1,45.7
9.6,94.4,54.5,65.8
5.5,63.0,90.2,65.0
6.8,82.4,48.4,52.4
7.9,79.3,82.8,68.7
3.9,55.9,91.1,59.0
8.9,92.4,56.9,69.6
9.5,58.9,66.7,60.8
1.6,89.2,82.1,64.4
5.9,66.9,88.0,66.6
4.8,64.5,69.7,54.2
3.8,99.8,75.7,63.9
4.9,78.3,46.7,50.0
6.3,65.4,52.1,52.6
1.6,83.4,52.6,53.4
1.6,65.7,76.8,49.5
2.9,61.0,91.5,56.2
8.1,91.3,50.5,58.3
1.9,74.4,63.3,45.7
7.1,99.3,45.4,59.6
4.6,70.3,87.4,63.0
5.0,74.0,55.3,53.8
3.2,96.5,64.4,62.0
1.5,100.0,86.0,63.7
9.7,96.7,86.7,80.0
2.9,73.0,43.2,46.5
4.4,99.3,54.6,58.9
4.8,98.1,94.7,71.3
6.0,87.3,48.5,52.3
6.2,79.4,81.1,73.1
1.5,81.3,67.7,54.8
9.6,58.6,50.2,50.7
6.4,85.4,52.9,61.0
3.2,81.8,74.1,63.3
4.8,81.3,68.8,61.0
7.4,65.7,61.8,54.7
7.0,68.5,57.4,54.0
5.1,99.9,94.8,74.4
1.7,64.6,54.6,49.4
8.9,71.6,48.7,51.8
8.5,86.7,73.6,72.6
1.1,91.8,56.5,51.4
7.0,97.3,47.4,59.7
6.0,67.3,73.3,59.5
7.5,64.2,74.9,60.2
9.1,93.1,45.1,63.1
4.8,67.5,40.2,44.1
3.4,88.4,70.3,55.5
4.8,55.4,44.1,46.3
5.9,92.6,72.0,61.1
2.3,60.7,57.0,48.8
8.7,95.5,51.6,59.2
3.2,59.6,82.9,58.1
6.6,62.0,91.1,62.9
8.8,98.9,84.6,77.2
7.6,69.9,91.2,68.4
8.2,93.9,84.6,73.8
2.0,94.2,87.2,71.4
3.0,91.7,65.3,56.3
3.0,56.1,50.6,46.6
4.0,93.9,93.2,70.7
4.6,99.2,69.5,68.7
9.5,60.2,93.4,73.0
3.4,59.9,63.9,55.6
7.6,69.1,73.3,58.5
6.2,66.5,79.0,60.6
1.0,96.7,69.6,57.4
7.0,71.4,43.8,44.6
7.0,69.9,57.3,57.2
3.7,68.9,62.5,47.3
4.6,68.3,47.0,39.9
7.1,95.6,73.9,72.3
3.7,79.7,40.0,44.7
6.2,84.5,65.6,64.0
5.0,64.6,66.0,57.6
2.5,58.8,68.3,45.6
6.7,70.1,85.0,65.1
3.0,64.0,41.3,35.7
3.2,76.4,86.7,65.2
6.7,63.7,78.3,61.9
5.4,66.0,76.1,63.3
7.9,59.8,63.4,55.3
2.6,98.1,68.5,62.9
8.6,75.5,84.1,69.9
7.0,99.5,72.7,75.4
6.5,87.4,67.8,61.1
8.5,79.7,89.3,72.2
3.3,66.1,75.1,51.4
7.9,78.5,74.5,65.0
3.6,67.2,57.6,49.8
5.9,61.2,52.7,46.7
1.6,73.3,69.8,47.9
4.7,64.3,63.1,54.9
7.3,93.6,82.1,69.6
